{
  "failure_mode": "spatial",
  "ref_id": 5750,
  "image_id": 516263,
  "query": "zebra on left",
  "ours_miou": 0.2771516729763442,
  "dino_miou": 0.9353822413682248,
  "ours_box_iou": 0.664954562565175,
  "dino_box_iou": 0.9903108300929421,
  "label_for_paper": "Failure (ii): spatial / ordinal language"
}