{
  "failure_mode": "rare_or_long",
  "ref_id": 36776,
  "image_id": 153711,
  "query": "mtf member whole pizza",
  "ours_miou": 0.0009249214465079893,
  "dino_miou": 0.9860792254580786,
  "ours_box_iou": 0.9759683961358616,
  "dino_box_iou": 0.9879399655510444,
  "label_for_paper": "Failure (iv): rare or long expression"
}